PL Number,Product Name
PL1000001,Product 1
PL1000002,Product 2
PL1000003,Product 3
PL1000004,Product 4
PL1000005,Product 5
PL1000006,Product 6
PL1000007,Product 7
PL1000008,Product 8
PL1000009,Product 9
PL1000010,Product 10
PL1000011,Product 11
PL1000012,Product 12
PL1000013,Product 13
PL1000014,Product 14
PL1000015,Product 15
PL1000016,Product 16
PL1000017,Product 17
PL1000018,Product 18
PL1000019,Product 19
PL1000020,Product 20
PL1000021,Product 21
PL1000022,Product 22
PL1000023,Product 23
PL1000024,Product 24
PL1000025,Product 25
PL1000026,Product 26
PL1000027,Product 27
PL1000028,Product 28
PL1000029,Product 29
PL1000030,Product 30
PL1000031,Product 31
PL1000032,Product 32
PL1000033,Product 33
PL1000034,Product 34
PL1000035,Product 35
PL1000036,Product 36
PL1000037,Product 37
PL1000038,Product 38
PL1000039,Product 39
PL1000040,Product 40
PL1000041,Product 41
PL1000042,Product 42
PL1000043,Product 43
PL1000044,Product 44
PL1000045,Product 45
PL1000046,Product 46
PL1000047,Product 47
PL1000048,Product 48
PL1000049,Product 49
PL1000050,Product 50
PL1000051,Product 51
PL1000052,Product 52
PL1000053,Product 53
PL1000054,Product 54
PL1000055,Product 55
PL1000056,Product 56
PL1000057,Product 57
PL1000058,Product 58
PL1000059,Product 59
PL1000060,Product 60
PL1000061,Product 61
PL1000062,Product 62
PL1000063,Product 63
PL1000064,Product 64
PL1000065,Product 65
PL1000066,Product 66
PL1000067,Product 67
PL1000068,Product 68
PL1000069,Product 69
PL1000070,Product 70
PL1000071,Product 71
PL1000072,Product 72
PL1000073,Product 73
PL1000074,Product 74
PL1000075,Product 75
PL1000076,Product 76
PL1000077,Product 77
PL1000078,Product 78
PL1000079,Product 79
PL1000080,Product 80
PL1000081,Product 81
PL1000082,Product 82
PL1000083,Product 83
PL1000084,Product 84
PL1000085,Product 85
PL1000086,Product 86
PL1000087,Product 87
PL1000088,Product 88
PL1000089,Product 89
PL1000090,Product 90
PL1000091,Product 91
PL1000092,Product 92
PL1000093,Product 93
PL1000094,Product 94
PL1000095,Product 95
PL1000096,Product 96
PL1000097,Product 97
PL1000098,Product 98
PL1000099,Product 99
PL1000100,Product 100